Stabilisation_Etai;AVRI;HBanche_280;RH=1869daN;RV=3185daN;RU=1300daN;RA;RB;RC;R2;R1;RH'
Stabilisation_Etai;AVRI;HBanche_330;RH=2194daN;RV=3478daN;RU=1528daN;RA;RB;RC;R2;R1;RH'
Stabilisation_Etai;AVRI;HBanche_380;RH=2470daN;RV=3770daN;RU=1723daN;RA;RB;RC;R2;R1;RH'
Stabilisation_Etai;AVRI;HBanche_430;RH=2253daN;RV=3265daN;RU=1891daN;RA;RB;RC;R2;R1;RH'
Stabilisation_Etai;AVRI;HBanche_480;RH=2378daN;RV=3238daN;RU=2030daN;RA;RB;RC;R2;R1;RH'
Stabilisation_Etai;AVSTD;HBanche_280;RH=1869daN;RV=3185daN;RU=1300daN;RA;RB;RC;R2;R1;RH'
Stabilisation_Etai;AVSTD;HBanche_330;RH=2194daN;RV=3478daN;RU=1528daN;RA;RB;RC;R2;R1;RH'
Stabilisation_Etai;AVSTD;HBanche_380;RH=2470daN;RV=3770daN;RU=1723daN;RA;RB;RC;R2;R1;RH'
Stabilisation_Etai;AVSTD;HBanche_430;RH=2253daN;RV=3265daN;RU=1891daN;RA;RB;RC;R2;R1;RH'
Stabilisation_Etai;AVSTD;HBanche_480;RH=2378daN;RV=3238daN;RU=2030daN;RA;RB;RC;R2;R1;RH'
Stabilisation_Etai;SD40;HBanche_280;RH=1869daN;RV=3185daN;RU=1300daN;RA=2058daN;RB=5243daN;RC=1869daN;R2;R1;RH'
Stabilisation_Etai;SD40;HBanche_330;RH=2194daN;RV=3478daN;RU=1528daN;RA=2247daN;RB=5725daN;RC=2194daN;R2;R1;RH'
Stabilisation_Etai;SD40;HBanche_380;RH=2470daN;RV=3770daN;RU=1723daN;RA=2436daN;RB=6206daN;RC=2470daN;R2;R1;RH'
Stabilisation_Etai;SD40;HBanche_430;RH=2253daN;RV=3265daN;RU=1891daN;RA=2110daN;RB=5375daN;RC=2253daN;R2;R1;RH'
Stabilisation_Etai;SD40;HBanche_480;RH=2378daN;RV=3238daN;RU=2030daN;RA=2092daN;RB=5331daN;RC=2378daN;R2;R1;RH'
Stabilisation_Etai;SD60;HBanche_280;RH=1869daN;RV=3185daN;RU=1300daN;RA=1274daN;RB=4459daN;RC=1869daN;R2;R1;RH'
Stabilisation_Etai;SD60;HBanche_330;RH=2194daN;RV=3478daN;RU=1528daN;RA=1391daN;RB=4869daN;RC=2194daN;R2;R1;RH'
Stabilisation_Etai;SD60;HBanche_380;RH=2470daN;RV=3770daN;RU=1723daN;RA=1508daN;RB=5278daN;RC=2470daN;R2;R1;RH'
Stabilisation_Etai;SD60;HBanche_430;RH=2253daN;RV=3265daN;RU=1891daN;RA=1306daN;RB=4571daN;RC=2253daN;R2;R1;RH'
Stabilisation_Etai;SD60;HBanche_480;RH=2378daN;RV=3238daN;RU=2030daN;RA=1295daN;RB=4534daN;RC=2378daN;R2;R1;RH'
Stabilisation_Etai;SD100;HBanche_280;RH=1869daN;RV=3185daN;RU=1300daN;RA=723daN;RB=3908daN;RC=1869daN;R2;R1;RH'
Stabilisation_Etai;SD100;HBanche_330;RH=2194daN;RV=3478daN;RU=1528daN;RA=789daN;RB=4267daN;RC=2194daN;R2;R1;RH'
Stabilisation_Etai;SD100;HBanche_380;RH=2470daN;RV=3770daN;RU=1723daN;RA=856daN;RB=4626daN;RC=2470daN;R2;R1;RH'
Stabilisation_Etai;SD100;HBanche_430;RH=2253daN;RV=3265daN;RU=1891daN;RA=741daN;RB=4007daN;RC=2253daN;R2;R1;RH'
Stabilisation_Etai;SD100;HBanche_480;RH=2378daN;RV=3238daN;RU=2030daN;RA=735daN;RB=3974daN;RC=2378daN;R2;R1;RH'
Stabilisation_Etai;SS;HBanche_280;RH=1869daN;RV=3185daN;RU=1300daN;RA=2404daN;RB=5589daN;RC=1869daN;R2;R1;RH'
Stabilisation_Etai;SS;HBanche_330;RH=2194daN;RV=3478daN;RU=1528daN;RA=2625daN;RB=6103daN;RC=2194daN;R2;R1;RH'
Stabilisation_Etai;SS;HBanche_380;RH=2470daN;RV=3770daN;RU=1723daN;RA=2846daN;RB=6616daN;RC=2470daN;R2;R1;RH'
Stabilisation_Etai;SS;HBanche_430;RH=2253daN;RV=3265daN;RU=1891daN;RA=2465daN;RB=5730daN;RC=2253daN;R2;R1;RH'
Stabilisation_Etai;SS;HBanche_480;RH=2378daN;RV=3238daN;RU=2030daN;RA=2445daN;RB=5683daN;RC=2378daN;R2;R1;RH'
Stabilisation_Etai;1/2Pieddereprise;HBanche_280;RH=1869daN;RV=3185daN;RU=1300daN;RA;RB;RC;R2=1502daN;R1=4687daN;RH'=2344daN
Stabilisation_Etai;1/2Pieddereprise;HBanche_330;RH=2194daN;RV=3478daN;RU=1528daN;RA;RB;RC;R2=1607daN;R1=5085daN;RH'=2542daN
Stabilisation_Etai;1/2Pieddereprise;HBanche_380;RH=2470daN;RV=3770daN;RU=1723daN;RA;RB;RC;R2=1723daN;R1=5493daN;RH'=2746daN
Stabilisation_Etai;1/2Pieddereprise;HBanche_430;RH=2253daN;RV=3265daN;RU=1891daN;RA;RB;RC;R2=1468daN;R1=4733daN;RH'=2367daN
Stabilisation_Etai;1/2Pieddereprise;HBanche_480;RH=2378daN;RV=3238daN;RU=2030daN;RA;RB;RC;R2=1425daN;R1=4663daN;RH'=2332daN
Stabilisation_Compas;AVRI;HBanche_280;RH=1869daN;RV=3185daN;RU=1300daN;RA;RB;RC;R2;R1;RH'
Stabilisation_Compas;AVRI;HBanche_330;RH=2194daN;RV=3478daN;RU=1528daN;RA;RB;RC;R2;R1;RH'
Stabilisation_Compas;AVRI;HBanche_380;RH=2470daN;RV=3770daN;RU=1723daN;RA;RB;RC;R2;R1;RH'
Stabilisation_Compas;AVRI;HBanche_430;RH=2253daN;RV=3265daN;RU=1891daN;RA;RB;RC;R2;R1;RH'
Stabilisation_Compas;AVRI;HBanche_480;RH=2378daN;RV=3238daN;RU=2030daN;RA;RB;RC;R2;R1;RH'
Stabilisation_Compas;AVSTD;HBanche_280;RH=1869daN;RV=3185daN;RU=1300daN;RA;RB;RC;R2;R1;RH'
Stabilisation_Compas;AVSTD;HBanche_330;RH=2194daN;RV=3478daN;RU=1528daN;RA;RB;RC;R2;R1;RH'
Stabilisation_Compas;AVSTD;HBanche_380;RH=2470daN;RV=3770daN;RU=1723daN;RA;RB;RC;R2;R1;RH'
Stabilisation_Compas;AVSTD;HBanche_430;RH=2253daN;RV=3265daN;RU=1891daN;RA;RB;RC;R2;R1;RH'
Stabilisation_Compas;AVSTD;HBanche_480;RH=2378daN;RV=3238daN;RU=2030daN;RA;RB;RC;R2;R1;RH'
Stabilisation_Compas;SD40;HBanche_280;RH=1869daN;RV=3185daN;RU=1300daN;RA=2058daN;RB=5243daN;RC=1869daN;R2;R1;RH'
Stabilisation_Compas;SD40;HBanche_330;RH=2194daN;RV=3478daN;RU=1528daN;RA=2247daN;RB=5725daN;RC=2194daN;R2;R1;RH'
Stabilisation_Compas;SD40;HBanche_380;RH=2470daN;RV=3770daN;RU=1723daN;RA=2436daN;RB=6206daN;RC=2470daN;R2;R1;RH'
Stabilisation_Compas;SD40;HBanche_430;RH=2253daN;RV=3265daN;RU=1891daN;RA=2110daN;RB=5375daN;RC=2253daN;R2;R1;RH'
Stabilisation_Compas;SD40;HBanche_480;RH=2378daN;RV=3238daN;RU=2030daN;RA=2092daN;RB=5331daN;RC=2378daN;R2;R1;RH'
Stabilisation_Compas;SD60;HBanche_280;RH=1869daN;RV=3185daN;RU=1300daN;RA=1274daN;RB=4459daN;RC=1869daN;R2;R1;RH'
Stabilisation_Compas;SD60;HBanche_330;RH=2194daN;RV=3478daN;RU=1528daN;RA=1391daN;RB=4869daN;RC=2194daN;R2;R1;RH'
Stabilisation_Compas;SD60;HBanche_380;RH=2470daN;RV=3770daN;RU=1723daN;RA=1508daN;RB=5278daN;RC=2470daN;R2;R1;RH'
Stabilisation_Compas;SD60;HBanche_430;RH=2253daN;RV=3265daN;RU=1891daN;RA=1306daN;RB=4571daN;RC=2253daN;R2;R1;RH'
Stabilisation_Compas;SD60;HBanche_480;RH=2378daN;RV=3238daN;RU=2030daN;RA=1295daN;RB=4534daN;RC=2378daN;R2;R1;RH'
Stabilisation_Compas;SD100;HBanche_280;RH=1869daN;RV=3185daN;RU=1300daN;RA=723daN;RB=3908daN;RC=1869daN;R2;R1;RH'
Stabilisation_Compas;SD100;HBanche_330;RH=2194daN;RV=3478daN;RU=1528daN;RA=789daN;RB=4267daN;RC=2194daN;R2;R1;RH'
Stabilisation_Compas;SD100;HBanche_380;RH=2470daN;RV=3770daN;RU=1723daN;RA=856daN;RB=4626daN;RC=2470daN;R2;R1;RH'
Stabilisation_Compas;SD100;HBanche_430;RH=2253daN;RV=3265daN;RU=1891daN;RA=741daN;RB=4007daN;RC=2253daN;R2;R1;RH'
Stabilisation_Compas;SD100;HBanche_480;RH=2378daN;RV=3238daN;RU=2030daN;RA=735daN;RB=3974daN;RC=2378daN;R2;R1;RH'
Stabilisation_Compas;SS;HBanche_280;RH=1869daN;RV=3185daN;RU=1300daN;RA=2404daN;RB=5589daN;RC=1869daN;R2;R1;RH'
Stabilisation_Compas;SS;HBanche_330;RH=2194daN;RV=3478daN;RU=1528daN;RA=2625daN;RB=6103daN;RC=2194daN;R2;R1;RH'
Stabilisation_Compas;SS;HBanche_380;RH=2470daN;RV=3770daN;RU=1723daN;RA=2846daN;RB=6616daN;RC=2470daN;R2;R1;RH'
Stabilisation_Compas;SS;HBanche_430;RH=2253daN;RV=3265daN;RU=1891daN;RA=2465daN;RB=5730daN;RC=2253daN;R2;R1;RH'
Stabilisation_Compas;SS;HBanche_480;RH=2378daN;RV=3238daN;RU=2030daN;RA=2445daN;RB=5683daN;RC=2378daN;R2;R1;RH'
Stabilisation_Compas;1/2Pieddereprise;HBanche_280;RH=1869daN;RV=3185daN;RU=1300daN;RA;RB;RC;R2=1502daN;R1=4687daN;RH'=2344daN
Stabilisation_Compas;1/2Pieddereprise;HBanche_330;RH=2194daN;RV=3478daN;RU=1528daN;RA;RB;RC;R2=1607daN;R1=5085daN;RH'=2542daN
Stabilisation_Compas;1/2Pieddereprise;HBanche_380;RH=2470daN;RV=3770daN;RU=1723daN;RA;RB;RC;R2=1723daN;R1=5493daN;RH'=2746daN
Stabilisation_Compas;1/2Pieddereprise;HBanche_430;RH=2253daN;RV=3265daN;RU=1891daN;RA;RB;RC;R2=1468daN;R1=4733daN;RH'=2367daN
Stabilisation_Compas;1/2Pieddereprise;HBanche_480;RH=2378daN;RV=3238daN;RU=2030daN;RA;RB;RC;R2=1425daN;R1=4663daN;RH'=2332daN
Stabilisation_Passerelle;AVRI;HBanche_280;RH=1869daN;RV=3185daN;RU=1300daN;RA;RB;RC;R2;R1;RH'
Stabilisation_Passerelle;AVRI;HBanche_330;RH=2194daN;RV=3478daN;RU=1528daN;RA;RB;RC;R2;R1;RH'
Stabilisation_Passerelle;AVRI;HBanche_380;RH=2470daN;RV=3770daN;RU=1723daN;RA;RB;RC;R2;R1;RH'
Stabilisation_Passerelle;AVRI;HBanche_430;RH=2253daN;RV=3265daN;RU=1891daN;RA;RB;RC;R2;R1;RH'
Stabilisation_Passerelle;AVRI;HBanche_480;RH=2378daN;RV=3238daN;RU=2030daN;RA;RB;RC;R2;R1;RH'
Stabilisation_Passerelle;AVSTD;HBanche_280;RH=1869daN;RV=3185daN;RU=1300daN;RA;RB;RC;R2;R1;RH'
Stabilisation_Passerelle;AVSTD;HBanche_330;RH=2194daN;RV=3478daN;RU=1528daN;RA;RB;RC;R2;R1;RH'
Stabilisation_Passerelle;AVSTD;HBanche_380;RH=2470daN;RV=3770daN;RU=1723daN;RA;RB;RC;R2;R1;RH'
Stabilisation_Passerelle;AVSTD;HBanche_430;RH=2253daN;RV=3265daN;RU=1891daN;RA;RB;RC;R2;R1;RH'
Stabilisation_Passerelle;AVSTD;HBanche_480;RH=2378daN;RV=3238daN;RU=2030daN;RA;RB;RC;R2;R1;RH'
Stabilisation_Passerelle;SD40;HBanche_280;RH=1869daN;RV=3185daN;RU=1300daN;RA=2058daN;RB=5243daN;RC=1869daN;R2;R1;RH'
Stabilisation_Passerelle;SD40;HBanche_330;RH=2194daN;RV=3478daN;RU=1528daN;RA=2247daN;RB=5725daN;RC=2194daN;R2;R1;RH'
Stabilisation_Passerelle;SD40;HBanche_380;RH=2470daN;RV=3770daN;RU=1723daN;RA=2436daN;RB=6206daN;RC=2470daN;R2;R1;RH'
Stabilisation_Passerelle;SD40;HBanche_430;RH=2253daN;RV=3265daN;RU=1891daN;RA=2110daN;RB=5375daN;RC=2253daN;R2;R1;RH'
Stabilisation_Passerelle;SD40;HBanche_480;RH=2378daN;RV=3238daN;RU=2030daN;RA=2092daN;RB=5331daN;RC=2378daN;R2;R1;RH'
Stabilisation_Passerelle;SD60;HBanche_280;RH=1869daN;RV=3185daN;RU=1300daN;RA=1274daN;RB=4459daN;RC=1869daN;R2;R1;RH'
Stabilisation_Passerelle;SD60;HBanche_330;RH=2194daN;RV=3478daN;RU=1528daN;RA=1391daN;RB=4869daN;RC=2194daN;R2;R1;RH'
Stabilisation_Passerelle;SD60;HBanche_380;RH=2470daN;RV=3770daN;RU=1723daN;RA=1508daN;RB=5278daN;RC=2470daN;R2;R1;RH'
Stabilisation_Passerelle;SD60;HBanche_430;RH=2253daN;RV=3265daN;RU=1891daN;RA=1306daN;RB=4571daN;RC=2253daN;R2;R1;RH'
Stabilisation_Passerelle;SD60;HBanche_480;RH=2378daN;RV=3238daN;RU=2030daN;RA=1295daN;RB=4534daN;RC=2378daN;R2;R1;RH'
Stabilisation_Passerelle;SD100;HBanche_280;RH=1869daN;RV=3185daN;RU=1300daN;RA=723daN;RB=3908daN;RC=1869daN;R2;R1;RH'
Stabilisation_Passerelle;SD100;HBanche_330;RH=2194daN;RV=3478daN;RU=1528daN;RA=789daN;RB=4267daN;RC=2194daN;R2;R1;RH'
Stabilisation_Passerelle;SD100;HBanche_380;RH=2470daN;RV=3770daN;RU=1723daN;RA=856daN;RB=4626daN;RC=2470daN;R2;R1;RH'
Stabilisation_Passerelle;SD100;HBanche_430;RH=2253daN;RV=3265daN;RU=1891daN;RA=741daN;RB=4007daN;RC=2253daN;R2;R1;RH'
Stabilisation_Passerelle;SD100;HBanche_480;RH=2378daN;RV=3238daN;RU=2030daN;RA=735daN;RB=3974daN;RC=2378daN;R2;R1;RH'
Stabilisation_Passerelle;SS;HBanche_280;RH=1869daN;RV=3185daN;RU=1300daN;RA=2404daN;RB=5589daN;RC=1869daN;R2;R1;RH'
Stabilisation_Passerelle;SS;HBanche_330;RH=2194daN;RV=3478daN;RU=1528daN;RA=2625daN;RB=6103daN;RC=2194daN;R2;R1;RH'
Stabilisation_Passerelle;SS;HBanche_380;RH=2470daN;RV=3770daN;RU=1723daN;RA=2846daN;RB=6616daN;RC=2470daN;R2;R1;RH'
Stabilisation_Passerelle;SS;HBanche_430;RH=2253daN;RV=3265daN;RU=1891daN;RA=2465daN;RB=5730daN;RC=2253daN;R2;R1;RH'
Stabilisation_Passerelle;SS;HBanche_480;RH=2378daN;RV=3238daN;RU=2030daN;RA=2445daN;RB=5683daN;RC=2378daN;R2;R1;RH'
Stabilisation_Passerelle;1/2Pieddereprise;HBanche_280;RH=1869daN;RV=3185daN;RU=1300daN;RA;RB;RC;R2=1502daN;R1=4687daN;RH'=2344daN
Stabilisation_Passerelle;1/2Pieddereprise;HBanche_330;RH=2194daN;RV=3478daN;RU=1528daN;RA;RB;RC;R2=1607daN;R1=5085daN;RH'=2542daN
Stabilisation_Passerelle;1/2Pieddereprise;HBanche_380;RH=2470daN;RV=3770daN;RU=1723daN;RA;RB;RC;R2=1723daN;R1=5493daN;RH'=2746daN
Stabilisation_Passerelle;1/2Pieddereprise;HBanche_430;RH=2253daN;RV=3265daN;RU=1891daN;RA;RB;RC;R2=1468daN;R1=4733daN;RH'=2367daN
Stabilisation_Passerelle;1/2Pieddereprise;HBanche_480;RH=2378daN;RV=3238daN;RU=2030daN;RA;RB;RC;R2=1425daN;R1=4663daN;RH'=2332daN
Pasdebanche;AVRI;Pasdebanche;RH=728daN;RV=1550daN;RU=728daN;RA;RB;RC;R2;R1;RH'
Pasdebanche;AVSTD;Pasdebanche;RH=728daN;RV=1550daN;RU=728daN;RA;RB;RC;R2;R1;RH'
Pasdebanche;SD40;Pasdebanche;RH=728daN;RV=1550daN;RU=728daN;RA=1002daN;RB=2552daN;RC=728daN;R2;R1;RH'
Pasdebanche;SD60;Pasdebanche;RH=728daN;RV=1550daN;RU=728daN;RA=620daN;RB=2170daN;RC=728daN;R2;R1;RH'
Pasdebanche;SD100;Pasdebanche;RH=728daN;RV=1550daN;RU=728daN;RA=352daN;RB=1902daN;RC=728daN;R2;R1;RH'
Pasdebanche;SS;Pasdebanche;RH=728daN;RV=1550daN;RU=728daN;RA=1170daN;RB=2721daN;RC=728daN;R2;R1;RH'
Pasdebanche;1/2Pieddereprise;Pasdebanche;RH=728daN;RV=1550daN;RU=728daN;RA;RB;RC;R2=770daN;R1=2320daN;RH'=1160daN
